Workbook

Sheet HUB GERAL
A1: GADENS — HUB DE PERFORMANCE SEMANAL
A2: Dados puxados automaticamente das abas de cada empresa. Preencha os dados semanais nas abas individuais.
A3: Empresa | B3: Plataforma | C3: Ultima Semana | D3: Investimento (R$) | E3: Leads | F3: CPL (R$) | G3: CPL Sem. Ant. | H3: Var. CPL % | I3: Status | J3: Meta CPL (R$) | K3: vs Meta
A4: Triunfo do Brasil | B4: Meta Ads | C4: =IFERROR(TEXT(maxifs('Triunfo do Brasil'!$A:$A,'Triunfo do Brasil'!$B:$B,"Meta Ads"),"DD/MM/YYYY"),"--") -> -- | D4: =IFERROR(SUMIFS('Triunfo do Brasil'!$C:$C,'Triunfo do Brasil'!$A:$A,maxifs('Triunfo do Brasil'!$A:$A,'Triunfo do Brasil'!$B:$B,"Meta Ads"),'Triunfo do Brasil'!$B:$B,"Meta Ads"),"") | E4: =IFERROR(SUMIFS('Triunfo do Brasil'!$J:$J,'Triunfo do Brasil'!$A:$A,maxifs('Triunfo do Brasil'!$A:$A,'Triunfo do Brasil'!$B:$B,"Meta Ads"),'Triunfo do Brasil'!$B:$B,"Meta Ads"),"") | F4: =IFERROR(D4/E4,"") | G4: =IFERROR(SUMIFS('Triunfo do Brasil'!$C:$C,'Triunfo do Brasil'!$A:$A,LARGE(IF('Triunfo do Brasil'!$B:$B="Meta Ads",'Triunfo do Brasil'!$A:$A),2),'Triunfo do Brasil'!$B:$B,"Meta Ads")/SUMIFS('Triunfo do Brasil'!$J:$J,'Triunfo do Brasil'!$A:$A,LARGE(IF('Triunfo do Brasil'!$B:$B="Meta Ads",'Triunfo do Brasil'!$A:$A),2),'Triunfo do Brasil'!$B:$B,"Meta Ads"),"") | H4: =IFERROR((F4-G4)/G4,"") | I4: =IFERROR(IF(H4="","--",IF(H4<-0.05,"Melhorando",IF(H4>0.05,"Piorando","Estavel"))),"--") -> -- | K4: =IFERROR(IF(J4="","--",IF(F4<=J4,"Dentro da meta","Acima da meta")),"--") -> --
A5: Triunfo do Brasil | B5: Google Search | C5: =IFERROR(TEXT(maxifs('Triunfo do Brasil'!$A:$A,'Triunfo do Brasil'!$B:$B,"Google Search"),"DD/MM/YYYY"),"--") -> -- | D5: =IFERROR(SUMIFS('Triunfo do Brasil'!$C:$C,'Triunfo do Brasil'!$A:$A,maxifs('Triunfo do Brasil'!$A:$A,'Triunfo do Brasil'!$B:$B,"Google Search"),'Triunfo do Brasil'!$B:$B,"Google Search"),"") | E5: =IFERROR(SUMIFS('Triunfo do Brasil'!$J:$J,'Triunfo do Brasil'!$A:$A,maxifs('Triunfo do Brasil'!$A:$A,'Triunfo do Brasil'!$B:$B,"Google Search"),'Triunfo do Brasil'!$B:$B,"Google Search"),"") | F5: =IFERROR(D5/E5,"") | G5: =IFERROR(SUMIFS('Triunfo do Brasil'!$C:$C,'Triunfo do Brasil'!$A:$A,LARGE(IF('Triunfo do Brasil'!$B:$B="Google Search",'Triunfo do Brasil'!$A:$A),2),'Triunfo do Brasil'!$B:$B,"Google Search")/SUMIFS('Triunfo do Brasil'!$J:$J,'Triunfo do Brasil'!$A:$A,LARGE(IF('Triunfo do Brasil'!$B:$B="Google Search",'Triunfo do Brasil'!$A:$A),2),'Triunfo do Brasil'!$B:$B,"Google Search"),"") | H5: =IFERROR((F5-G5)/G5,"") | I5: =IFERROR(IF(H5="","--",IF(H5<-0.05,"Melhorando",IF(H5>0.05,"Piorando","Estavel"))),"--") -> -- | K5: =IFERROR(IF(J5="","--",IF(F5<=J5,"Dentro da meta","Acima da meta")),"--") -> --
A6: Triunfo do Brasil | B6: Google PMax | C6: =IFERROR(TEXT(maxifs('Triunfo do Brasil'!$A:$A,'Triunfo do Brasil'!$B:$B,"Google PMax"),"DD/MM/YYYY"),"--") -> -- | D6: =IFERROR(SUMIFS('Triunfo do Brasil'!$C:$C,'Triunfo do Brasil'!$A:$A,maxifs('Triunfo do Brasil'!$A:$A,'Triunfo do Brasil'!$B:$B,"Google PMax"),'Triunfo do Brasil'!$B:$B,"Google PMax"),"") | E6: =IFERROR(SUMIFS('Triunfo do Brasil'!$J:$J,'Triunfo do Brasil'!$A:$A,maxifs('Triunfo do Brasil'!$A:$A,'Triunfo do Brasil'!$B:$B,"Google PMax"),'Triunfo do Brasil'!$B:$B,"Google PMax"),"") | F6: =IFERROR(D6/E6,"") | G6: =IFERROR(SUMIFS('Triunfo do Brasil'!$C:$C,'Triunfo do Brasil'!$A:$A,LARGE(IF('Triunfo do Brasil'!$B:$B="Google PMax",'Triunfo do Brasil'!$A:$A),2),'Triunfo do Brasil'!$B:$B,"Google PMax")/SUMIFS('Triunfo do Brasil'!$J:$J,'Triunfo do Brasil'!$A:$A,LARGE(IF('Triunfo do Brasil'!$B:$B="Google PMax",'Triunfo do Brasil'!$A:$A),2),'Triunfo do Brasil'!$B:$B,"Google PMax"),"") | H6: =IFERROR((F6-G6)/G6,"") | I6: =IFERROR(IF(H6="","--",IF(H6<-0.05,"Melhorando",IF(H6>0.05,"Piorando","Estavel"))),"--") -> -- | K6: =IFERROR(IF(J6="","--",IF(F6<=J6,"Dentro da meta","Acima da meta")),"--") -> --
A7: Shopping Cidade | B7: Meta Ads | C7: =IFERROR(TEXT(maxifs('Shopping Cidade'!$A:$A,'Shopping Cidade'!$B:$B,"Meta Ads"),"DD/MM/YYYY"),"--") -> -- | D7: =IFERROR(SUMIFS('Shopping Cidade'!$C:$C,'Shopping Cidade'!$A:$A,maxifs('Shopping Cidade'!$A:$A,'Shopping Cidade'!$B:$B,"Meta Ads"),'Shopping Cidade'!$B:$B,"Meta Ads"),"") | E7: =IFERROR(SUMIFS('Shopping Cidade'!$J:$J,'Shopping Cidade'!$A:$A,maxifs('Shopping Cidade'!$A:$A,'Shopping Cidade'!$B:$B,"Meta Ads"),'Shopping Cidade'!$B:$B,"Meta Ads"),"") | F7: =IFERROR(D7/E7,"") | G7: =IFERROR(SUMIFS('Shopping Cidade'!$C:$C,'Shopping Cidade'!$A:$A,LARGE(IF('Shopping Cidade'!$B:$B="Meta Ads",'Shopping Cidade'!$A:$A),2),'Shopping Cidade'!$B:$B,"Meta Ads")/SUMIFS('Shopping Cidade'!$J:$J,'Shopping Cidade'!$A:$A,LARGE(IF('Shopping Cidade'!$B:$B="Meta Ads",'Shopping Cidade'!$A:$A),2),'Shopping Cidade'!$B:$B,"Meta Ads"),"") | H7: =IFERROR((F7-G7)/G7,"") | I7: =IFERROR(IF(H7="","--",IF(H7<-0.05,"Melhorando",IF(H7>0.05,"Piorando","Estavel"))),"--") -> -- | K7: =IFERROR(IF(J7="","--",IF(F7<=J7,"Dentro da meta","Acima da meta")),"--") -> --
A8: Shopping Cidade | B8: Google Search | C8: =IFERROR(TEXT(maxifs('Shopping Cidade'!$A:$A,'Shopping Cidade'!$B:$B,"Google Search"),"DD/MM/YYYY"),"--") -> -- | D8: =IFERROR(SUMIFS('Shopping Cidade'!$C:$C,'Shopping Cidade'!$A:$A,maxifs('Shopping Cidade'!$A:$A,'Shopping Cidade'!$B:$B,"Google Search"),'Shopping Cidade'!$B:$B,"Google Search"),"") | E8: =IFERROR(SUMIFS('Shopping Cidade'!$J:$J,'Shopping Cidade'!$A:$A,maxifs('Shopping Cidade'!$A:$A,'Shopping Cidade'!$B:$B,"Google Search"),'Shopping Cidade'!$B:$B,"Google Search"),"") | F8: =IFERROR(D8/E8,"") | G8: =IFERROR(SUMIFS('Shopping Cidade'!$C:$C,'Shopping Cidade'!$A:$A,LARGE(IF('Shopping Cidade'!$B:$B="Google Search",'Shopping Cidade'!$A:$A),2),'Shopping Cidade'!$B:$B,"Google Search")/SUMIFS('Shopping Cidade'!$J:$J,'Shopping Cidade'!$A:$A,LARGE(IF('Shopping Cidade'!$B:$B="Google Search",'Shopping Cidade'!$A:$A),2),'Shopping Cidade'!$B:$B,"Google Search"),"") | H8: =IFERROR((F8-G8)/G8,"") | I8: =IFERROR(IF(H8="","--",IF(H8<-0.05,"Melhorando",IF(H8>0.05,"Piorando","Estavel"))),"--") -> -- | K8: =IFERROR(IF(J8="","--",IF(F8<=J8,"Dentro da meta","Acima da meta")),"--") -> --
A9: Shopping Cidade | B9: Google PMax | C9: =IFERROR(TEXT(maxifs('Shopping Cidade'!$A:$A,'Shopping Cidade'!$B:$B,"Google PMax"),"DD/MM/YYYY"),"--") -> -- | D9: =IFERROR(SUMIFS('Shopping Cidade'!$C:$C,'Shopping Cidade'!$A:$A,maxifs('Shopping Cidade'!$A:$A,'Shopping Cidade'!$B:$B,"Google PMax"),'Shopping Cidade'!$B:$B,"Google PMax"),"") | E9: =IFERROR(SUMIFS('Shopping Cidade'!$J:$J,'Shopping Cidade'!$A:$A,maxifs('Shopping Cidade'!$A:$A,'Shopping Cidade'!$B:$B,"Google PMax"),'Shopping Cidade'!$B:$B,"Google PMax"),"") | F9: =IFERROR(D9/E9,"") | G9: =IFERROR(SUMIFS('Shopping Cidade'!$C:$C,'Shopping Cidade'!$A:$A,LARGE(IF('Shopping Cidade'!$B:$B="Google PMax",'Shopping Cidade'!$A:$A),2),'Shopping Cidade'!$B:$B,"Google PMax")/SUMIFS('Shopping Cidade'!$J:$J,'Shopping Cidade'!$A:$A,LARGE(IF('Shopping Cidade'!$B:$B="Google PMax",'Shopping Cidade'!$A:$A),2),'Shopping Cidade'!$B:$B,"Google PMax"),"") | H9: =IFERROR((F9-G9)/G9,"") | I9: =IFERROR(IF(H9="","--",IF(H9<-0.05,"Melhorando",IF(H9>0.05,"Piorando","Estavel"))),"--") -> -- | K9: =IFERROR(IF(J9="","--",IF(F9<=J9,"Dentro da meta","Acima da meta")),"--") -> --
A10: Autoshopping Linha Verde | B10: Meta Ads | C10: =IFERROR(TEXT(maxifs('Autoshopping Linha Verde'!$A:$A,'Autoshopping Linha Verde'!$B:$B,"Meta Ads"),"DD/MM/YYYY"),"--") -> -- | D10: =IFERROR(SUMIFS('Autoshopping Linha Verde'!$C:$C,'Autoshopping Linha Verde'!$A:$A,maxifs('Autoshopping Linha Verde'!$A:$A,'Autoshopping Linha Verde'!$B:$B,"Meta Ads"),'Autoshopping Linha Verde'!$B:$B,"Meta Ads"),"") | E10: =IFERROR(SUMIFS('Autoshopping Linha Verde'!$J:$J,'Autoshopping Linha Verde'!$A:$A,maxifs('Autoshopping Linha Verde'!$A:$A,'Autoshopping Linha Verde'!$B:$B,"Meta Ads"),'Autoshopping Linha Verde'!$B:$B,"Meta Ads"),"") | F10: =IFERROR(D10/E10,"") | G10: =IFERROR(SUMIFS('Autoshopping Linha Verde'!$C:$C,'Autoshopping Linha Verde'!$A:$A,LARGE(IF('Autoshopping Linha Verde'!$B:$B="Meta Ads",'Autoshopping Linha Verde'!$A:$A),2),'Autoshopping Linha Verde'!$B:$B,"Meta Ads")/SUMIFS('Autoshopping Linha Verde'!$J:$J,'Autoshopping Linha Verde'!$A:$A,LARGE(IF('Autoshopping Linha Verde'!$B:$B="Meta Ads",'Autoshopping Linha Verde'!$A:$A),2),'Autoshopping Linha Verde'!$B:$B,"Meta Ads"),"") | H10: =IFERROR((F10-G10)/G10,"") | I10: =IFERROR(IF(H10="","--",IF(H10<-0.05,"Melhorando",IF(H10>0.05,"Piorando","Estavel"))),"--") -> -- | K10: =IFERROR(IF(J10="","--",IF(F10<=J10,"Dentro da meta","Acima da meta")),"--") -> --
A11: Autoshopping Linha Verde | B11: Google Search | C11: =IFERROR(TEXT(maxifs('Autoshopping Linha Verde'!$A:$A,'Autoshopping Linha Verde'!$B:$B,"Google Search"),"DD/MM/YYYY"),"--") -> -- | D11: =IFERROR(SUMIFS('Autoshopping Linha Verde'!$C:$C,'Autoshopping Linha Verde'!$A:$A,maxifs('Autoshopping Linha Verde'!$A:$A,'Autoshopping Linha Verde'!$B:$B,"Google Search"),'Autoshopping Linha Verde'!$B:$B,"Google Search"),"") | E11: =IFERROR(SUMIFS('Autoshopping Linha Verde'!$J:$J,'Autoshopping Linha Verde'!$A:$A,maxifs('Autoshopping Linha Verde'!$A:$A,'Autoshopping Linha Verde'!$B:$B,"Google Search"),'Autoshopping Linha Verde'!$B:$B,"Google Search"),"") | F11: =IFERROR(D11/E11,"") | G11: =IFERROR(SUMIFS('Autoshopping Linha Verde'!$C:$C,'Autoshopping Linha Verde'!$A:$A,LARGE(IF('Autoshopping Linha Verde'!$B:$B="Google Search",'Autoshopping Linha Verde'!$A:$A),2),'Autoshopping Linha Verde'!$B:$B,"Google Search")/SUMIFS('Autoshopping Linha Verde'!$J:$J,'Autoshopping Linha Verde'!$A:$A,LARGE(IF('Autoshopping Linha Verde'!$B:$B="Google Search",'Autoshopping Linha Verde'!$A:$A),2),'Autoshopping Linha Verde'!$B:$B,"Google Search"),"") | H11: =IFERROR((F11-G11)/G11,"") | I11: =IFERROR(IF(H11="","--",IF(H11<-0.05,"Melhorando",IF(H11>0.05,"Piorando","Estavel"))),"--") -> -- | K11: =IFERROR(IF(J11="","--",IF(F11<=J11,"Dentro da meta","Acima da meta")),"--") -> --
A12: Autoshopping Linha Verde | B12: Google PMax | C12: =IFERROR(TEXT(maxifs('Autoshopping Linha Verde'!$A:$A,'Autoshopping Linha Verde'!$B:$B,"Google PMax"),"DD/MM/YYYY"),"--") -> -- | D12: =IFERROR(SUMIFS('Autoshopping Linha Verde'!$C:$C,'Autoshopping Linha Verde'!$A:$A,maxifs('Autoshopping Linha Verde'!$A:$A,'Autoshopping Linha Verde'!$B:$B,"Google PMax"),'Autoshopping Linha Verde'!$B:$B,"Google PMax"),"") | E12: =IFERROR(SUMIFS('Autoshopping Linha Verde'!$J:$J,'Autoshopping Linha Verde'!$A:$A,maxifs('Autoshopping Linha Verde'!$A:$A,'Autoshopping Linha Verde'!$B:$B,"Google PMax"),'Autoshopping Linha Verde'!$B:$B,"Google PMax"),"") | F12: =IFERROR(D12/E12,"") | G12: =IFERROR(SUMIFS('Autoshopping Linha Verde'!$C:$C,'Autoshopping Linha Verde'!$A:$A,LARGE(IF('Autoshopping Linha Verde'!$B:$B="Google PMax",'Autoshopping Linha Verde'!$A:$A),2),'Autoshopping Linha Verde'!$B:$B,"Google PMax")/SUMIFS('Autoshopping Linha Verde'!$J:$J,'Autoshopping Linha Verde'!$A:$A,LARGE(IF('Autoshopping Linha Verde'!$B:$B="Google PMax",'Autoshopping Linha Verde'!$A:$A),2),'Autoshopping Linha Verde'!$B:$B,"Google PMax"),"") | H12: =IFERROR((F12-G12)/G12,"") | I12: =IFERROR(IF(H12="","--",IF(H12<-0.05,"Melhorando",IF(H12>0.05,"Piorando","Estavel"))),"--") -> -- | K12: =IFERROR(IF(J12="","--",IF(F12<=J12,"Dentro da meta","Acima da meta")),"--") -> --
A13: Make.it | B13: Meta Ads | C13: =IFERROR(TEXT(maxifs('Make.it'!$A:$A,'Make.it'!$B:$B,"Meta Ads"),"DD/MM/YYYY"),"--") -> -- | D13: =IFERROR(SUMIFS('Make.it'!$C:$C,'Make.it'!$A:$A,maxifs('Make.it'!$A:$A,'Make.it'!$B:$B,"Meta Ads"),'Make.it'!$B:$B,"Meta Ads"),"") | E13: =IFERROR(SUMIFS('Make.it'!$J:$J,'Make.it'!$A:$A,maxifs('Make.it'!$A:$A,'Make.it'!$B:$B,"Meta Ads"),'Make.it'!$B:$B,"Meta Ads"),"") | F13: =IFERROR(D13/E13,"") | G13: =IFERROR(SUMIFS('Make.it'!$C:$C,'Make.it'!$A:$A,LARGE(IF('Make.it'!$B:$B="Meta Ads",'Make.it'!$A:$A),2),'Make.it'!$B:$B,"Meta Ads")/SUMIFS('Make.it'!$J:$J,'Make.it'!$A:$A,LARGE(IF('Make.it'!$B:$B="Meta Ads",'Make.it'!$A:$A),2),'Make.it'!$B:$B,"Meta Ads"),"") | H13: =IFERROR((F13-G13)/G13,"") | I13: =IFERROR(IF(H13="","--",IF(H13<-0.05,"Melhorando",IF(H13>0.05,"Piorando","Estavel"))),"--") -> -- | K13: =IFERROR(IF(J13="","--",IF(F13<=J13,"Dentro da meta","Acima da meta")),"--") -> --
A14: Make.it | B14: Google Search | C14: =IFERROR(TEXT(maxifs('Make.it'!$A:$A,'Make.it'!$B:$B,"Google Search"),"DD/MM/YYYY"),"--") -> -- | D14: =IFERROR(SUMIFS('Make.it'!$C:$C,'Make.it'!$A:$A,maxifs('Make.it'!$A:$A,'Make.it'!$B:$B,"Google Search"),'Make.it'!$B:$B,"Google Search"),"") | E14: =IFERROR(SUMIFS('Make.it'!$J:$J,'Make.it'!$A:$A,maxifs('Make.it'!$A:$A,'Make.it'!$B:$B,"Google Search"),'Make.it'!$B:$B,"Google Search"),"") | F14: =IFERROR(D14/E14,"") | G14: =IFERROR(SUMIFS('Make.it'!$C:$C,'Make.it'!$A:$A,LARGE(IF('Make.it'!$B:$B="Google Search",'Make.it'!$A:$A),2),'Make.it'!$B:$B,"Google Search")/SUMIFS('Make.it'!$J:$J,'Make.it'!$A:$A,LARGE(IF('Make.it'!$B:$B="Google Search",'Make.it'!$A:$A),2),'Make.it'!$B:$B,"Google Search"),"") | H14: =IFERROR((F14-G14)/G14,"") | I14: =IFERROR(IF(H14="","--",IF(H14<-0.05,"Melhorando",IF(H14>0.05,"Piorando","Estavel"))),"--") -> -- | K14: =IFERROR(IF(J14="","--",IF(F14<=J14,"Dentro da meta","Acima da meta")),"--") -> --
A15: Make.it | B15: Google PMax | C15: =IFERROR(TEXT(maxifs('Make.it'!$A:$A,'Make.it'!$B:$B,"Google PMax"),"DD/MM/YYYY"),"--") -> -- | D15: =IFERROR(SUMIFS('Make.it'!$C:$C,'Make.it'!$A:$A,maxifs('Make.it'!$A:$A,'Make.it'!$B:$B,"Google PMax"),'Make.it'!$B:$B,"Google PMax"),"") | E15: =IFERROR(SUMIFS('Make.it'!$J:$J,'Make.it'!$A:$A,maxifs('Make.it'!$A:$A,'Make.it'!$B:$B,"Google PMax"),'Make.it'!$B:$B,"Google PMax"),"") | F15: =IFERROR(D15/E15,"") | G15: =IFERROR(SUMIFS('Make.it'!$C:$C,'Make.it'!$A:$A,LARGE(IF('Make.it'!$B:$B="Google PMax",'Make.it'!$A:$A),2),'Make.it'!$B:$B,"Google PMax")/SUMIFS('Make.it'!$J:$J,'Make.it'!$A:$A,LARGE(IF('Make.it'!$B:$B="Google PMax",'Make.it'!$A:$A),2),'Make.it'!$B:$B,"Google PMax"),"") | H15: =IFERROR((F15-G15)/G15,"") | I15: =IFERROR(IF(H15="","--",IF(H15<-0.05,"Melhorando",IF(H15>0.05,"Piorando","Estavel"))),"--") -> -- | K15: =IFERROR(IF(J15="","--",IF(F15<=J15,"Dentro da meta","Acima da meta")),"--") -> --
A16: Gadens | B16: Meta Ads | C16: =IFERROR(TEXT(maxifs(Gadens!$A:$A,Gadens!$B:$B,"Meta Ads"),"DD/MM/YYYY"),"--") -> -- | D16: =IFERROR(SUMIFS(Gadens!$C:$C,Gadens!$A:$A,maxifs(Gadens!$A:$A,Gadens!$B:$B,"Meta Ads"),Gadens!$B:$B,"Meta Ads"),"") | E16: =IFERROR(SUMIFS(Gadens!$J:$J,Gadens!$A:$A,maxifs(Gadens!$A:$A,Gadens!$B:$B,"Meta Ads"),Gadens!$B:$B,"Meta Ads"),"") | F16: =IFERROR(D16/E16,"") | G16: =IFERROR(SUMIFS(Gadens!$C:$C,Gadens!$A:$A,LARGE(IF(Gadens!$B:$B="Meta Ads",Gadens!$A:$A),2),Gadens!$B:$B,"Meta Ads")/SUMIFS(Gadens!$J:$J,Gadens!$A:$A,LARGE(IF(Gadens!$B:$B="Meta Ads",Gadens!$A:$A),2),Gadens!$B:$B,"Meta Ads"),"") | H16: =IFERROR((F16-G16)/G16,"") | I16: =IFERROR(IF(H16="","--",IF(H16<-0.05,"Melhorando",IF(H16>0.05,"Piorando","Estavel"))),"--") -> -- | K16: =IFERROR(IF(J16="","--",IF(F16<=J16,"Dentro da meta","Acima da meta")),"--") -> --
A17: Gadens | B17: Google Search | C17: =IFERROR(TEXT(maxifs(Gadens!$A:$A,Gadens!$B:$B,"Google Search"),"DD/MM/YYYY"),"--") -> -- | D17: =IFERROR(SUMIFS(Gadens!$C:$C,Gadens!$A:$A,maxifs(Gadens!$A:$A,Gadens!$B:$B,"Google Search"),Gadens!$B:$B,"Google Search"),"") | E17: =IFERROR(SUMIFS(Gadens!$J:$J,Gadens!$A:$A,maxifs(Gadens!$A:$A,Gadens!$B:$B,"Google Search"),Gadens!$B:$B,"Google Search"),"") | F17: =IFERROR(D17/E17,"") | G17: =IFERROR(SUMIFS(Gadens!$C:$C,Gadens!$A:$A,LARGE(IF(Gadens!$B:$B="Google Search",Gadens!$A:$A),2),Gadens!$B:$B,"Google Search")/SUMIFS(Gadens!$J:$J,Gadens!$A:$A,LARGE(IF(Gadens!$B:$B="Google Search",Gadens!$A:$A),2),Gadens!$B:$B,"Google Search"),"") | H17: =IFERROR((F17-G17)/G17,"") | I17: =IFERROR(IF(H17="","--",IF(H17<-0.05,"Melhorando",IF(H17>0.05,"Piorando","Estavel"))),"--") -> -- | K17: =IFERROR(IF(J17="","--",IF(F17<=J17,"Dentro da meta","Acima da meta")),"--") -> --
A18: Gadens | B18: Google PMax | C18: =IFERROR(TEXT(maxifs(Gadens!$A:$A,Gadens!$B:$B,"Google PMax"),"DD/MM/YYYY"),"--") -> -- | D18: =IFERROR(SUMIFS(Gadens!$C:$C,Gadens!$A:$A,maxifs(Gadens!$A:$A,Gadens!$B:$B,"Google PMax"),Gadens!$B:$B,"Google PMax"),"") | E18: =IFERROR(SUMIFS(Gadens!$J:$J,Gadens!$A:$A,maxifs(Gadens!$A:$A,Gadens!$B:$B,"Google PMax"),Gadens!$B:$B,"Google PMax"),"") | F18: =IFERROR(D18/E18,"") | G18: =IFERROR(SUMIFS(Gadens!$C:$C,Gadens!$A:$A,LARGE(IF(Gadens!$B:$B="Google PMax",Gadens!$A:$A),2),Gadens!$B:$B,"Google PMax")/SUMIFS(Gadens!$J:$J,Gadens!$A:$A,LARGE(IF(Gadens!$B:$B="Google PMax",Gadens!$A:$A),2),Gadens!$B:$B,"Google PMax"),"") | H18: =IFERROR((F18-G18)/G18,"") | I18: =IFERROR(IF(H18="","--",IF(H18<-0.05,"Melhorando",IF(H18>0.05,"Piorando","Estavel"))),"--") -> -- | K18: =IFERROR(IF(J18="","--",IF(F18<=J18,"Dentro da meta","Acima da meta")),"--") -> --

Sheet Triunfo do Brasil
A1: TRIUNFO DO BRASIL — PERFORMANCE SEMANAL
A2: META CPL Meta Ads (R$): | E2: META CPL Google (R$): | H2: Celulas amarelas = input manual | Cinza = calculado automaticamente | Preencha as metas de CPL quando tiver os numeros
A4: Semana (inicio) | B4: Plataforma | C4: Investimento (R$) | D4: Impressoes | E4: Alcance (Meta) | F4: Cliques | G4: CTR (%) | H4: CPC (R$) | I4: CPM (R$) | J4: Leads / Conversoes | K4: CPL (R$) | L4: Taxa Conv. (%) | M4: ROAS | N4: Leads Offline | O4: Observacoes
G5: =IFERROR(F5/D5,"") | H5: =IFERROR(C5/F5,"") | I5: =IFERROR(C5/D5*1000,"") | K5: =IFERROR(C5/J5,"") | L5: =IFERROR(J5/F5,"")
G6: =IFERROR(F6/D6,"") | H6: =IFERROR(C6/F6,"") | I6: =IFERROR(C6/D6*1000,"") | K6: =IFERROR(C6/J6,"") | L6: =IFERROR(J6/F6,"")
G7: =IFERROR(F7/D7,"") | H7: =IFERROR(C7/F7,"") | I7: =IFERROR(C7/D7*1000,"") | K7: =IFERROR(C7/J7,"") | L7: =IFERROR(J7/F7,"")
G8: =IFERROR(F8/D8,"") | H8: =IFERROR(C8/F8,"") | I8: =IFERROR(C8/D8*1000,"") | K8: =IFERROR(C8/J8,"") | L8: =IFERROR(J8/F8,"")
G9: =IFERROR(F9/D9,"") | H9: =IFERROR(C9/F9,"") | I9: =IFERROR(C9/D9*1000,"") | K9: =IFERROR(C9/J9,"") | L9: =IFERROR(J9/F9,"")
G10: =IFERROR(F10/D10,"") | H10: =IFERROR(C10/F10,"") | I10: =IFERROR(C10/D10*1000,"") | K10: =IFERROR(C10/J10,"") | L10: =IFERROR(J10/F10,"")
G11: =IFERROR(F11/D11,"") | H11: =IFERROR(C11/F11,"") | I11: =IFERROR(C11/D11*1000,"") | K11: =IFERROR(C11/J11,"") | L11: =IFERROR(J11/F11,"")
G12: =IFERROR(F12/D12,"") | H12: =IFERROR(C12/F12,"") | I12: =IFERROR(C12/D12*1000,"") | K12: =IFERROR(C12/J12,"") | L12: =IFERROR(J12/F12,"")
G13: =IFERROR(F13/D13,"") | H13: =IFERROR(C13/F13,"") | I13: =IFERROR(C13/D13*1000,"") | K13: =IFERROR(C13/J13,"") | L13: =IFERROR(J13/F13,"")
G14: =IFERROR(F14/D14,"") | H14: =IFERROR(C14/F14,"") | I14: =IFERROR(C14/D14*1000,"") | K14: =IFERROR(C14/J14,"") | L14: =IFERROR(J14/F14,"")
G15: =IFERROR(F15/D15,"") | H15: =IFERROR(C15/F15,"") | I15: =IFERROR(C15/D15*1000,"") | K15: =IFERROR(C15/J15,"") | L15: =IFERROR(J15/F15,"")
G16: =IFERROR(F16/D16,"") | H16: =IFERROR(C16/F16,"") | I16: =IFERROR(C16/D16*1000,"") | K16: =IFERROR(C16/J16,"") | L16: =IFERROR(J16/F16,"")
... G204: =IFERROR(F204/D204,"") | H204: =IFERROR(C204/F204,"") | I204: =IFERROR(C204/D204*1000,"") | K204: =IFERROR(C204/J204,"") | L204: =IFERROR(J204/F204,"")

Sheet Shopping Cidade
A1: SHOPPING CIDADE — PERFORMANCE SEMANAL
A2: META CPL Meta Ads (R$): | E2: META CPL Google (R$): | H2: Celulas amarelas = input manual | Cinza = calculado automaticamente | Preencha as metas de CPL quando tiver os numeros
A4: Semana (inicio) | B4: Plataforma | C4: Investimento (R$) | D4: Impressoes | E4: Alcance (Meta) | F4: Cliques | G4: CTR (%) | H4: CPC (R$) | I4: CPM (R$) | J4: Leads / Conversoes | K4: CPL (R$) | L4: Taxa Conv. (%) | M4: ROAS | N4: Leads Offline | O4: Observacoes
G5: =IFERROR(F5/D5,"") | H5: =IFERROR(C5/F5,"") | I5: =IFERROR(C5/D5*1000,"") | K5: =IFERROR(C5/J5,"") | L5: =IFERROR(J5/F5,"")
G6: =IFERROR(F6/D6,"") | H6: =IFERROR(C6/F6,"") | I6: =IFERROR(C6/D6*1000,"") | K6: =IFERROR(C6/J6,"") | L6: =IFERROR(J6/F6,"")
G7: =IFERROR(F7/D7,"") | H7: =IFERROR(C7/F7,"") | I7: =IFERROR(C7/D7*1000,"") | K7: =IFERROR(C7/J7,"") | L7: =IFERROR(J7/F7,"")
G8: =IFERROR(F8/D8,"") | H8: =IFERROR(C8/F8,"") | I8: =IFERROR(C8/D8*1000,"") | K8: =IFERROR(C8/J8,"") | L8: =IFERROR(J8/F8,"")
G9: =IFERROR(F9/D9,"") | H9: =IFERROR(C9/F9,"") | I9: =IFERROR(C9/D9*1000,"") | K9: =IFERROR(C9/J9,"") | L9: =IFERROR(J9/F9,"")
G10: =IFERROR(F10/D10,"") | H10: =IFERROR(C10/F10,"") | I10: =IFERROR(C10/D10*1000,"") | K10: =IFERROR(C10/J10,"") | L10: =IFERROR(J10/F10,"")
G11: =IFERROR(F11/D11,"") | H11: =IFERROR(C11/F11,"") | I11: =IFERROR(C11/D11*1000,"") | K11: =IFERROR(C11/J11,"") | L11: =IFERROR(J11/F11,"")
G12: =IFERROR(F12/D12,"") | H12: =IFERROR(C12/F12,"") | I12: =IFERROR(C12/D12*1000,"") | K12: =IFERROR(C12/J12,"") | L12: =IFERROR(J12/F12,"")
G13: =IFERROR(F13/D13,"") | H13: =IFERROR(C13/F13,"") | I13: =IFERROR(C13/D13*1000,"") | K13: =IFERROR(C13/J13,"") | L13: =IFERROR(J13/F13,"")
G14: =IFERROR(F14/D14,"") | H14: =IFERROR(C14/F14,"") | I14: =IFERROR(C14/D14*1000,"") | K14: =IFERROR(C14/J14,"") | L14: =IFERROR(J14/F14,"")
G15: =IFERROR(F15/D15,"") | H15: =IFERROR(C15/F15,"") | I15: =IFERROR(C15/D15*1000,"") | K15: =IFERROR(C15/J15,"") | L15: =IFERROR(J15/F15,"")
G16: =IFERROR(F16/D16,"") | H16: =IFERROR(C16/F16,"") | I16: =IFERROR(C16/D16*1000,"") | K16: =IFERROR(C16/J16,"") | L16: =IFERROR(J16/F16,"")
... G204: =IFERROR(F204/D204,"") | H204: =IFERROR(C204/F204,"") | I204: =IFERROR(C204/D204*1000,"") | K204: =IFERROR(C204/J204,"") | L204: =IFERROR(J204/F204,"")

Sheet Autoshopping Linha Verde
A1: AUTOSHOPPING LINHA VERDE — PERFORMANCE SEMANAL
A2: META CPL Meta Ads (R$): | E2: META CPL Google (R$): | H2: Celulas amarelas = input manual | Cinza = calculado automaticamente | Preencha as metas de CPL quando tiver os numeros
A4: Semana (inicio) | B4: Plataforma | C4: Investimento (R$) | D4: Impressoes | E4: Alcance (Meta) | F4: Cliques | G4: CTR (%) | H4: CPC (R$) | I4: CPM (R$) | J4: Leads / Conversoes | K4: CPL (R$) | L4: Taxa Conv. (%) | M4: ROAS | N4: Leads Offline | O4: Observacoes
G5: =IFERROR(F5/D5,"") | H5: =IFERROR(C5/F5,"") | I5: =IFERROR(C5/D5*1000,"") | K5: =IFERROR(C5/J5,"") | L5: =IFERROR(J5/F5,"")
G6: =IFERROR(F6/D6,"") | H6: =IFERROR(C6/F6,"") | I6: =IFERROR(C6/D6*1000,"") | K6: =IFERROR(C6/J6,"") | L6: =IFERROR(J6/F6,"")
G7: =IFERROR(F7/D7,"") | H7: =IFERROR(C7/F7,"") | I7: =IFERROR(C7/D7*1000,"") | K7: =IFERROR(C7/J7,"") | L7: =IFERROR(J7/F7,"")
G8: =IFERROR(F8/D8,"") | H8: =IFERROR(C8/F8,"") | I8: =IFERROR(C8/D8*1000,"") | K8: =IFERROR(C8/J8,"") | L8: =IFERROR(J8/F8,"")
G9: =IFERROR(F9/D9,"") | H9: =IFERROR(C9/F9,"") | I9: =IFERROR(C9/D9*1000,"") | K9: =IFERROR(C9/J9,"") | L9: =IFERROR(J9/F9,"")
G10: =IFERROR(F10/D10,"") | H10: =IFERROR(C10/F10,"") | I10: =IFERROR(C10/D10*1000,"") | K10: =IFERROR(C10/J10,"") | L10: =IFERROR(J10/F10,"")
G11: =IFERROR(F11/D11,"") | H11: =IFERROR(C11/F11,"") | I11: =IFERROR(C11/D11*1000,"") | K11: =IFERROR(C11/J11,"") | L11: =IFERROR(J11/F11,"")
G12: =IFERROR(F12/D12,"") | H12: =IFERROR(C12/F12,"") | I12: =IFERROR(C12/D12*1000,"") | K12: =IFERROR(C12/J12,"") | L12: =IFERROR(J12/F12,"")
G13: =IFERROR(F13/D13,"") | H13: =IFERROR(C13/F13,"") | I13: =IFERROR(C13/D13*1000,"") | K13: =IFERROR(C13/J13,"") | L13: =IFERROR(J13/F13,"")
G14: =IFERROR(F14/D14,"") | H14: =IFERROR(C14/F14,"") | I14: =IFERROR(C14/D14*1000,"") | K14: =IFERROR(C14/J14,"") | L14: =IFERROR(J14/F14,"")
G15: =IFERROR(F15/D15,"") | H15: =IFERROR(C15/F15,"") | I15: =IFERROR(C15/D15*1000,"") | K15: =IFERROR(C15/J15,"") | L15: =IFERROR(J15/F15,"")
G16: =IFERROR(F16/D16,"") | H16: =IFERROR(C16/F16,"") | I16: =IFERROR(C16/D16*1000,"") | K16: =IFERROR(C16/J16,"") | L16: =IFERROR(J16/F16,"")
... G204: =IFERROR(F204/D204,"") | H204: =IFERROR(C204/F204,"") | I204: =IFERROR(C204/D204*1000,"") | K204: =IFERROR(C204/J204,"") | L204: =IFERROR(J204/F204,"")

Sheet Make.it
A1: MAKE.IT — PERFORMANCE SEMANAL
A2: META CPL Meta Ads (R$): | E2: META CPL Google (R$): | H2: Celulas amarelas = input manual | Cinza = calculado automaticamente | Preencha as metas de CPL quando tiver os numeros
A4: Semana (inicio) | B4: Plataforma | C4: Investimento (R$) | D4: Impressoes | E4: Alcance (Meta) | F4: Cliques | G4: CTR (%) | H4: CPC (R$) | I4: CPM (R$) | J4: Leads / Conversoes | K4: CPL (R$) | L4: Taxa Conv. (%) | M4: ROAS | N4: Leads Offline | O4: Observacoes
G5: =IFERROR(F5/D5,"") | H5: =IFERROR(C5/F5,"") | I5: =IFERROR(C5/D5*1000,"") | K5: =IFERROR(C5/J5,"") | L5: =IFERROR(J5/F5,"")
G6: =IFERROR(F6/D6,"") | H6: =IFERROR(C6/F6,"") | I6: =IFERROR(C6/D6*1000,"") | K6: =IFERROR(C6/J6,"") | L6: =IFERROR(J6/F6,"")
G7: =IFERROR(F7/D7,"") | H7: =IFERROR(C7/F7,"") | I7: =IFERROR(C7/D7*1000,"") | K7: =IFERROR(C7/J7,"") | L7: =IFERROR(J7/F7,"")
G8: =IFERROR(F8/D8,"") | H8: =IFERROR(C8/F8,"") | I8: =IFERROR(C8/D8*1000,"") | K8: =IFERROR(C8/J8,"") | L8: =IFERROR(J8/F8,"")
G9: =IFERROR(F9/D9,"") | H9: =IFERROR(C9/F9,"") | I9: =IFERROR(C9/D9*1000,"") | K9: =IFERROR(C9/J9,"") | L9: =IFERROR(J9/F9,"")
G10: =IFERROR(F10/D10,"") | H10: =IFERROR(C10/F10,"") | I10: =IFERROR(C10/D10*1000,"") | K10: =IFERROR(C10/J10,"") | L10: =IFERROR(J10/F10,"")
G11: =IFERROR(F11/D11,"") | H11: =IFERROR(C11/F11,"") | I11: =IFERROR(C11/D11*1000,"") | K11: =IFERROR(C11/J11,"") | L11: =IFERROR(J11/F11,"")
G12: =IFERROR(F12/D12,"") | H12: =IFERROR(C12/F12,"") | I12: =IFERROR(C12/D12*1000,"") | K12: =IFERROR(C12/J12,"") | L12: =IFERROR(J12/F12,"")
G13: =IFERROR(F13/D13,"") | H13: =IFERROR(C13/F13,"") | I13: =IFERROR(C13/D13*1000,"") | K13: =IFERROR(C13/J13,"") | L13: =IFERROR(J13/F13,"")
G14: =IFERROR(F14/D14,"") | H14: =IFERROR(C14/F14,"") | I14: =IFERROR(C14/D14*1000,"") | K14: =IFERROR(C14/J14,"") | L14: =IFERROR(J14/F14,"")
G15: =IFERROR(F15/D15,"") | H15: =IFERROR(C15/F15,"") | I15: =IFERROR(C15/D15*1000,"") | K15: =IFERROR(C15/J15,"") | L15: =IFERROR(J15/F15,"")
G16: =IFERROR(F16/D16,"") | H16: =IFERROR(C16/F16,"") | I16: =IFERROR(C16/D16*1000,"") | K16: =IFERROR(C16/J16,"") | L16: =IFERROR(J16/F16,"")
... G204: =IFERROR(F204/D204,"") | H204: =IFERROR(C204/F204,"") | I204: =IFERROR(C204/D204*1000,"") | K204: =IFERROR(C204/J204,"") | L204: =IFERROR(J204/F204,"")

Sheet Gadens
A1: GADENS — PERFORMANCE SEMANAL
A2: META CPL Meta Ads (R$): | E2: META CPL Google (R$): | H2: Celulas amarelas = input manual | Cinza = calculado automaticamente | Preencha as metas de CPL quando tiver os numeros
A4: Semana (inicio) | B4: Plataforma | C4: Investimento (R$) | D4: Impressoes | E4: Alcance (Meta) | F4: Cliques | G4: CTR (%) | H4: CPC (R$) | I4: CPM (R$) | J4: Leads / Conversoes | K4: CPL (R$) | L4: Taxa Conv. (%) | M4: ROAS | N4: Leads Offline | O4: Observacoes
G5: =IFERROR(F5/D5,"") | H5: =IFERROR(C5/F5,"") | I5: =IFERROR(C5/D5*1000,"") | K5: =IFERROR(C5/J5,"") | L5: =IFERROR(J5/F5,"")
G6: =IFERROR(F6/D6,"") | H6: =IFERROR(C6/F6,"") | I6: =IFERROR(C6/D6*1000,"") | K6: =IFERROR(C6/J6,"") | L6: =IFERROR(J6/F6,"")
G7: =IFERROR(F7/D7,"") | H7: =IFERROR(C7/F7,"") | I7: =IFERROR(C7/D7*1000,"") | K7: =IFERROR(C7/J7,"") | L7: =IFERROR(J7/F7,"")
G8: =IFERROR(F8/D8,"") | H8: =IFERROR(C8/F8,"") | I8: =IFERROR(C8/D8*1000,"") | K8: =IFERROR(C8/J8,"") | L8: =IFERROR(J8/F8,"")
G9: =IFERROR(F9/D9,"") | H9: =IFERROR(C9/F9,"") | I9: =IFERROR(C9/D9*1000,"") | K9: =IFERROR(C9/J9,"") | L9: =IFERROR(J9/F9,"")
G10: =IFERROR(F10/D10,"") | H10: =IFERROR(C10/F10,"") | I10: =IFERROR(C10/D10*1000,"") | K10: =IFERROR(C10/J10,"") | L10: =IFERROR(J10/F10,"")
G11: =IFERROR(F11/D11,"") | H11: =IFERROR(C11/F11,"") | I11: =IFERROR(C11/D11*1000,"") | K11: =IFERROR(C11/J11,"") | L11: =IFERROR(J11/F11,"")
G12: =IFERROR(F12/D12,"") | H12: =IFERROR(C12/F12,"") | I12: =IFERROR(C12/D12*1000,"") | K12: =IFERROR(C12/J12,"") | L12: =IFERROR(J12/F12,"")
G13: =IFERROR(F13/D13,"") | H13: =IFERROR(C13/F13,"") | I13: =IFERROR(C13/D13*1000,"") | K13: =IFERROR(C13/J13,"") | L13: =IFERROR(J13/F13,"")
G14: =IFERROR(F14/D14,"") | H14: =IFERROR(C14/F14,"") | I14: =IFERROR(C14/D14*1000,"") | K14: =IFERROR(C14/J14,"") | L14: =IFERROR(J14/F14,"")
G15: =IFERROR(F15/D15,"") | H15: =IFERROR(C15/F15,"") | I15: =IFERROR(C15/D15*1000,"") | K15: =IFERROR(C15/J15,"") | L15: =IFERROR(J15/F15,"")
G16: =IFERROR(F16/D16,"") | H16: =IFERROR(C16/F16,"") | I16: =IFERROR(C16/D16*1000,"") | K16: =IFERROR(C16/J16,"") | L16: =IFERROR(J16/F16,"")
... G204: =IFERROR(F204/D204,"") | H204: =IFERROR(C204/F204,"") | I204: =IFERROR(C204/D204*1000,"") | K204: =IFERROR(C204/J204,"") | L204: =IFERROR(J204/F204,"")
